from_id	to_id	weight
2	56667	1
3	41187	1
44	44	1
49	49	13
49	2733	1
49	2926	1
49	6262	1
49	8385	2
49	69392	1
66	66	1
66	6269	1
66	34464	1
66	61687	2
66	69713	1
75	49	2
75	75	7
75	1946	1
75	2362	4
75	2733	1
75	2841	2
75	3092	1
75	3634	1
75	6316	1
75	6481	1
75	8032	1
75	8106	1
75	8385	2
75	8628	2
75	18060	1
75	22277	1
75	26809	1
75	38200	1
75	60810	1
75	68822	2
75	68962	2
75	69214	1
75	69591	1
78	78	1
78	18060	1
78	25256	2
121	2841	1
121	19475	2
121	40883	2
121	68866	1
184	2926	3
184	20883	1
250	65937	1
250	68866	1
284	284	2
284	44768	1
284	48552	1
290	49	3
290	290	7
290	297	3
290	1034	1
290	1176	2
290	1305	1
290	1345	1
290	2733	1
290	2841	1
290	3544	1
290	4002	2
290	4528	1
290	6094	3
290	6666	1
290	10605	1
290	13767	1
290	15934	1
290	16943	1
290	18261	2
290	24965	1
290	25590	1
290	27816	1
290	31469	1
290	37103	1
290	48142	1
290	48503	1
290	61471	1
290	66688	4
290	68468	1
290	68660	1
290	68926	2
290	68962	1
290	69456	1
290	69531	1
290	69558	1
297	290	1
297	297	9
297	1306	1
297	3621	1
297	3684	3
297	12138	1
297	14726	1
297	15482	1
297	18060	1
297	31469	2
297	36554	2
297	62384	1
297	69169	1
297	69757	1
297	69801	1
303	303	1
303	1017	1
303	14447	4
317	317	1
317	3824	1
317	9485	1
317	13625	1
317	18756	1
317	32389	2
317	41075	1
317	54495	2
317	68935	1
318	318	2
318	32022	1
318	56462	1
327	18060	1
333	69757	1
344	8320	2
351	34538	1
353	2290	3
353	66638	1
360	360	1
360	2039	1
360	4528	1
360	58804	1
370	48554	1
381	1450	1
391	66	1
391	391	1
391	3077	1
391	3992	1
391	4149	1
391	10696	1
391	16326	1
391	18261	1
391	21778	1
391	29730	1
391	34766	1
391	35731	1
391	66688	1
391	68927	4
391	69214	1
391	69757	1
394	394	1
394	17047	2
394	18938	1
394	62367	1
394	66688	1
402	78	1
402	402	7
402	2841	3
402	12547	4
402	22191	1
402	41970	1
402	50409	1
402	69525	1
404	404	1
405	11259	1
437	56462	1
437	57280	1
450	450	2
450	11376	2
450	66528	1
454	5810	1
454	37385	1
454	66638	1
454	69055	1
454	69216	1
454	69559	1
454	69609	1
468	12395	1
468	67107	1
519	5101	2
519	18060	3
519	46867	1
519	66365	2
532	532	1
532	46214	1
532	59018	1
532	69429	1
586	27870	1
613	613	5
613	6094	1
613	16183	1
613	17047	1
613	44651	1
613	62491	2
613	66688	1
613	67007	2
613	68992	1
644	290	1
644	69525	1
644	69757	1
658	658	1
658	24494	1
658	25145	1
658	36721	2
658	40793	2
745	745	1
745	4961	1
745	13268	1
745	17047	1
763	763	2
763	1106	1
763	2841	2
763	3803	2
763	6094	3
763	8508	2
763	9652	1
763	13904	2
763	21907	3
763	22131	2
763	22191	1
763	22781	1
763	24916	4
763	34538	2
763	37103	1
763	45933	1
763	46975	1
763	68920	1
763	69110	2
763	69320	1
763	69573	2
763	69627	1
763	69724	1
766	766	2
766	2480	1
766	10035	1
766	10898	1
766	37385	1
766	38805	1
766	50874	1
766	54797	1
766	68759	1
778	69591	1
801	14875	2
801	38744	1
801	69356	1
802	802	1
806	11142	2
934	6094	1
934	69757	1
947	41028	1
955	955	2
955	19838	6
955	43267	1
956	14515	1
956	51251	3
1015	8217	1
1044	1044	2
1048	290	1
1048	1048	1
1048	12310	1
1056	2807	1
1056	10482	1
1056	11100	1
1056	11142	2
1056	11609	1
1056	29783	1
1056	34538	1
1056	66650	1
1056	69320	1
1058	22277	3
1094	3995	1
1096	23297	1
1098	1098	1
1098	11115	2
1098	69264	1
1131	613	1
1149	68946	1
1176	1176	1
1176	2733	1
1176	6794	1
1176	8106	2
1176	10110	1
1176	13012	1
1223	6094	1
1227	11142	1
1231	25590	1
1266	1266	6
1266	12481	2
1266	36554	1
1266	38852	1
1291	669	1
1291	24916	1
1291	46472	1
1302	1302	1
1305	290	4
1305	1305	1
1305	48142	2
1306	297	5
1306	1306	6
1306	2622	1
1306	8430	2
1306	14155	1
1306	37385	1
1306	61197	2
1306	68953	1
1310	1186	1
1310	1310	2
1310	1355	1
1310	6094	1
1345	1345	1
1345	5584	1
1345	8176	1
1345	19075	1
1345	25322	1
1345	36934	1
1345	38889	2
1345	44651	1
1345	51250	1
1345	62201	1
1355	16639	1
1358	1358	1
1358	22429	1
1409	6666	1
1409	48531	1
1409	69757	1
1437	3634	1
1441	1441	1
1441	11142	2
1441	12395	1
1441	54780	3
1441	58550	1
1441	61460	1
1441	67107	1
1441	69118	1
1445	69295	1
1446	38889	1
1463	1650	2
1463	11142	4
1463	14094	2
1463	15934	1
1463	19075	1
1463	24757	2
1463	41291	1
1463	50265	1
1463	68935	3
1463	69140	1
1463	69647	1
1463	69681	1
1465	284	1
1465	1465	2
1465	2669	3
1465	8369	1
1465	11115	1
1465	27816	1
1465	29625	1
1465	40804	1
1465	41075	1
1465	46975	1
1465	48745	2
1465	49105	1
1465	51250	1
1465	68726	1
1465	69313	1
1465	69559	1
1465	69747	2
1465	69922	1
1481	66638	1
1492	2384	1
1492	36554	6
1492	58096	1
1492	66688	1
1516	1840	1
1516	11178	2
1516	69482	1
1532	1532	2
1536	1536	7
1536	37385	1
1540	4054	1
1540	21753	2
1573	3199	3
1573	4423	1
1650	1650	7
1650	12395	1
1650	44768	2
1650	51250	1
1650	69782	1
1650	69922	1
1688	1688	1
1688	7499	2
1688	68727	1
1698	10707	1
1703	1703	3
1703	8628	1
1729	2784	1
1840	1840	1
1840	11028	1
1840	21907	1
1840	24792	1
1840	67034	1
1847	2841	1
1847	3121	1
1847	6094	1
1847	10482	2
1847	11260	1
1847	24132	1
1847	26522	1
1847	36554	1
1847	45603	1
1847	68933	1
1847	69763	1
1898	3	1
1898	532	1
1898	1898	2
1898	2201	1
1898	10482	1
1898	24132	1
1898	49122	2
1898	64248	1
1898	68845	1
1898	68933	1
1898	69627	1
1907	1907	1
1907	4312	1
1907	43928	2
1946	75	3
1946	1536	1
1946	1946	19
1946	3199	1
1946	4423	1
1946	6094	1
1946	6647	1
1946	8106	1
1946	8133	4
1946	8628	10
1946	11115	2
1946	12481	4
1946	12705	1
1946	17836	1
1946	22277	5
1946	26809	1
1946	33039	3
1946	34538	4
1946	35734	1
1946	37385	1
1946	38966	1
1946	39521	6
1946	43354	1
1946	51323	1
1946	53091	2
1946	61738	2
1946	66688	1
1946	67034	1
1946	68935	1
1946	69205	1
1946	69236	1
1946	69488	1
1969	1969	2
1988	1988	4
1988	51420	1
2000	69133	1
2039	2039	1
2039	6094	1
2039	10366	2
2039	12547	1
2039	14447	1
2039	16046	1
2039	48745	1
2039	53197	1
2039	56462	2
2042	43108	1
2051	25510	1
2126	26088	1
2138	2138	1
2191	2191	2
2191	7952	7
2191	43108	1
2191	48554	2
2191	61632	1
2197	20300	1
2224	66	1
2233	2233	1
2233	36554	1
2233	69292	1
2233	69335	1
2233	69724	1
2234	38966	1
2273	1306	3
2273	2191	2
2273	11115	1
2273	13012	1
2273	19276	1
2273	69014	1
2273	69289	1
2273	69644	1
2284	6779	1
2284	18060	2
2290	2290	3
2290	62471	3
2308	58203	1
2362	75	1
2362	2191	1
2362	2362	6
2362	2554	1
2362	13767	3
2362	69691	1
2363	11926	1
2383	297	1
2383	613	3
2383	2383	1
2383	4231	1
2383	6269	2
2383	13650	1
2383	14450	3
2383	21907	1
2383	30999	1
2383	62434	1
2383	66751	2
2384	1310	1
2384	2384	1
2384	16178	1
2384	18060	1
2415	2415	2
2415	2689	1
2480	668	2
2480	2480	1
2480	60732	2
2480	66543	1
2480	69320	3
2480	69424	1
2481	69077	1
2481	69895	2
2503	402	1
2503	2362	1
2503	2503	1
2503	2841	1
2503	8320	2
2503	20356	1
2503	20883	2
2503	24965	1
2503	35714	1
2503	41970	1
2503	43054	2
2503	45657	1
2530	1310	1
2530	2383	2
2530	11504	1
2530	25028	4
2530	34538	2
2530	61426	3
2530	63877	1
2554	1946	1
2554	1969	2
2554	2554	1
2554	3684	1
2554	8628	1
2554	10035	3
2554	17118	1
2554	24916	1
2554	69320	4
2554	69405	1
2554	69898	1
2570	2570	1
2570	4600	2
2622	297	1
2622	2622	2
2622	2811	1
2622	14555	3
2622	32389	1
2622	34575	1
2622	41075	1
2622	62367	2
2622	62491	1
2622	68601	3
2622	69525	1
2622	69820	1
2669	391	1
2669	2669	2
2689	75	1
2689	2415	1
2689	2689	2
2689	4600	3
2689	29231	1
2689	68693	1
2698	10898	1
2733	49	1
2733	1176	1
2733	2733	2
2733	2841	1
2733	2884	1
2733	8385	2
2733	8991	1
2733	10110	1
2733	38805	1
2733	62519	1
2733	68468	2
2733	68962	1
2733	68986	4
2733	69232	1
2733	69644	1
2807	1048	1
2807	1056	1
2807	3948	1
2807	4600	1
2807	6094	2
2807	10898	1
2807	11142	5
2807	34538	2
2807	36554	1
2807	40023	2
2807	61426	1
2807	64387	1
2807	69341	2
2823	6094	1
2841	290	1
2841	766	1
2841	1044	3
2841	2841	7
2841	4528	1
2841	19949	1
2841	20038	1
2841	69703	2
2884	2884	1
2884	62519	1
2906	613	1
2906	6094	1
2926	49	2
2926	91	1
2926	333	1
2926	1532	1
2926	2841	1
2926	2926	3
2926	3272	1
2926	3684	1
2926	4528	1
2926	6043	1
2926	6094	7
2926	6316	5
2926	7631	1
2926	14726	1
2926	16046	1
2926	18756	1
2926	19276	2
2926	22277	1
2926	22781	2
2926	27870	1
2926	28104	1
2926	31035	2
2926	34538	2
2926	37385	1
2926	38200	1
2926	38805	1
2926	38866	2
2926	39521	1
2926	41291	1
2926	56878	3
2926	57278	1
2926	61426	1
2926	61502	1
2926	68534	1
2926	68726	1
2926	68827	1
2926	68958	1
2926	68962	1
2926	69184	1
2926	69444	1
2926	69497	1
2926	69507	1
2926	69525	1
2926	69559	1
2926	69644	3
2926	69757	1
2926	69773	1
2926	69858	4
2954	2954	4
2954	4312	1
2954	6094	2
2954	7709	4
2954	9896	1
2954	18060	1
2954	23232	1
2954	32906	2
2954	33927	1
2954	34047	1
2954	38889	1
2954	48334	1
2954	48831	1
2954	66034	1
2954	68718	1
2954	69919	1
3005	2672	1
3032	1310	1
3041	1946	1
3041	2841	1
3041	3041	1
3041	7538	1
3041	11504	1
3041	30721	1
3041	36696	1
3041	68726	1
3075	3075	1
3075	26608	3
3075	59312	1
3075	60751	1
3075	65915	1
3075	69762	2
3077	391	1
3092	3092	2
3106	1028	1
3106	3106	2
3106	3199	2
3106	6269	1
3106	6316	1
3106	6794	1
3106	20595	1
3106	34444	1
3106	39419	1
3106	57088	2
3106	68953	1
3106	69724	1
3106	69757	1
3121	39082	1
3132	38889	5
3199	1946	2
3199	3199	3
3199	10365	2
3199	14915	2
3199	19874	2
3199	29783	1
3199	34538	1
3199	60732	3
3206	3199	1
3206	3206	1
3206	4312	1
3206	6094	1
3206	31035	1
3206	34538	1
3206	41194	3
3206	60810	1
3206	64387	1
3206	68718	1
3206	68848	3
3206	69341	3
3206	69343	2
3272	2841	1
3272	2907	1
3272	3272	2
3272	5482	1
3272	11504	1
3272	14233	1
3272	14443	2
3272	18060	1
3272	30999	1
3272	33018	2
3272	37103	1
3272	39304	1
3272	69184	2
3272	69548	1
3324	1358	1
3324	51484	4
3324	69392	2
3460	27400	1
3460	40804	1
3460	44651	1
3460	66688	1
3462	14915	1
3502	2841	1
3502	8103	1
3502	19949	1
3521	13647	1
3521	21815	1
3521	29730	4
3521	35731	1
3521	37338	1
3521	43198	1
3521	58018	1
3521	58203	1
3521	62384	1
3521	66365	1
3521	68848	2
3544	3544	1
3621	297	1
3621	1459	1
3621	33546	1
3621	38624	3
3634	1437	1
3634	3634	1
3684	1358	1
3684	2906	1
3684	3684	2
3684	4312	2
3684	4720	1
3684	4721	1
3684	6316	7
3684	10035	2
3684	10365	1
3684	26178	1
3684	28104	1
3684	29316	1
3684	29783	1
3684	32344	1
3684	34490	4
3684	37103	3
3684	37211	1
3684	40023	2
3684	41291	2
3684	43928	1
3684	50427	1
3684	56553	1
3684	58001	2
3684	60810	1
3684	61426	1
3684	66638	1
3684	68953	1
3684	69556	1
3684	69601	1
3684	69764	1
3684	69922	1
3709	50901	1
3711	2841	1
3711	11115	1
3711	33018	1
3711	47638	1
3711	69650	1
3753	3753	1
3753	5101	1
3753	35731	2
3803	2666	1
3803	3803	6
3816	17403	1
3824	1	1
3824	3824	3
3824	68305	1
3847	18060	1
3847	46578	1
3848	1	1
3848	3848	6
3859	11115	1
3901	402	1
3901	3995	2
3901	8320	1
3901	10366	1
3901	11546	1
3901	19186	1
3901	69525	1
3948	3948	9
3948	4281	1
3948	4312	2
3948	11926	1
3948	15981	1
3948	21574	1
3948	27013	1
3948	33018	3
3948	34538	1
3948	38805	1
3948	51137	1
3948	62367	2
3948	69474	1
3959	69647	1
3995	3995	1
3995	10366	1
3995	29404	1
3995	42278	1
4002	297	1
4002	4002	1
4040	6094	1
4040	69443	1
4042	62172	1
4042	66688	3
4042	68660	2
4042	69525	3
4054	17047	1
4069	10696	1
4069	19475	2
4069	56878	1
4069	62434	4
4144	61687	1
4144	68994	1
4144	69183	1
4149	4231	1
4149	7666	1
4149	14094	1
4149	21815	1
4177	290	1
4177	402	4
4177	2362	3
4177	2841	3
4177	3272	1
4177	4177	3
4177	9072	1
4177	11504	1
4177	12605	1
4177	13972	4
4177	24916	3
4177	25510	1
4177	66688	1
4177	69544	1
4177	69558	1
4231	290	1
4231	3824	1
4231	4149	1
4231	4231	6
4231	7499	2
4231	11877	2
4231	14450	1
4231	16183	1
4231	16326	4
4231	17845	1
4231	20052	2
4231	25358	1
4231	26878	1
4231	30081	1
4231	37942	3
4231	56095	1
4231	57711	2
4231	58018	2
4231	61471	1
4231	61737	1
4231	65906	1
4231	67031	1
4231	68519	1
4231	68719	1
4231	68805	1
4231	69356	1
4262	68468	1
4281	3948	1
4312	943	1
4312	1907	1
4312	2807	2
4312	4312	18
4312	8628	6
4312	8799	3
4312	9672	1
4312	10035	3
4312	21399	1
4312	23232	1
4312	23661	1
4312	27058	1
4312	31356	1
4312	31371	1
4312	31469	2
4312	32898	1
4312	34490	1
4312	36721	3
4312	37103	2
4312	39359	1
4312	62656	1
4312	68283	2
4312	68529	1
4312	68835	1
4312	68920	3
4312	68946	1
4312	69110	2
4312	69214	1
4333	4721	1
4333	19475	1
4333	69640	1
4336	11926	1
4351	35486	2
4351	58018	1
4351	59209	1
4362	22781	1
4362	34538	1
4408	4408	1
4423	1946	1
4423	4312	1
4423	4423	2
4428	4312	1
4428	4428	4
4428	5496	1
4428	16326	3
4428	21815	1
4428	30827	1
4428	36688	2
4428	40297	1
4428	41901	1
4428	46578	1
4428	56926	2
4428	69766	1
4528	318	2
4528	360	4
4528	1353	1
4528	2362	1
4528	2784	1
4528	3067	1
4528	4528	4
4528	32022	1
4528	69525	1
4580	8628	1
4600	2570	1
4600	2689	2
4600	4600	8
4600	8133	2
4600	8628	2
4600	10898	1
4600	18598	1
4600	24494	1
4600	37385	1
4600	39752	1
4600	43467	1
4600	44143	1
4600	46681	1
4600	69843	1
4600	69845	1
4614	3544	1
4614	34444	1
4614	62367	2
4614	68968	1
4639	4639	5
4639	27816	3
4696	24965	1
4707	2733	1
4720	4720	2
4720	68971	1
4721	85	1
4721	143	1
4721	4528	2
4721	7031	1
4721	8799	1
4721	38805	1
4721	59209	1
4721	69183	1
4767	30726	1
4832	613	1
4832	1946	1
4832	4832	3
4832	8508	2
4832	13904	1
4832	15570	1
4832	18910	1
4832	25510	2
4832	29316	1
4832	31469	1
4832	36452	2
4832	37385	1
4832	38805	1
4832	40793	4
4832	46214	2
4832	66688	2
4832	68804	1
4832	68920	2
4832	69039	1
4832	69323	4
4832	69466	1
4842	8452	1
4896	24498	2
4961	4177	1
4961	4961	4
4961	5628	1
4961	8628	1
4961	11054	1
4961	11142	1
4961	13972	1
4961	66132	1
4961	68920	1
4961	69525	1
4961	69764	2
4961	69876	2
5010	297	1
5015	5015	1
5015	68778	1
5015	69051	1
5091	5740	1
5091	69184	1
5100	10076	1
5100	69041	2
5100	69773	1
5101	3753	2
5101	5101	2
5101	10458	1
5101	30999	1
5101	33018	1
5101	38889	1
5101	53197	1
5101	56286	1
5203	22002	2
5259	43696	3
5263	56851	1
5340	2160	1
5340	19949	1
5340	34538	1
5442	1536	1
5496	5496	3
5496	38832	1
5496	43198	1
5498	3848	3
5575	38624	1
5584	47274	1
5621	5621	1
5621	12395	1
5712	421	1
5712	5712	3
5712	10341	3
5712	10458	1
5712	10909	1
5712	69929	1
5743	38889	2
5784	5784	2
5784	48334	1
5784	57022	1
5810	13650	2
5810	34538	3
5810	39359	1
5810	50874	1
5810	57022	1
5963	30366	1
5963	69709	1
5984	5984	1
5993	2622	2
6015	6015	3
6043	11919	2
6043	56553	1
6043	68971	1
6085	8628	4
6085	22277	1
6094	2954	1
6094	3206	1
6094	3621	1
6094	5628	1
6094	6094	22
6094	7631	1
6094	7743	2
6094	11142	1
6094	11705	2
6094	13972	3
6094	17164	1
6094	18060	1
6094	18756	1
6094	33927	1
6094	35626	1
6094	40780	1
6094	46214	3
6094	46975	1
6094	58218	1
6094	68663	2
6094	68737	2
6094	69118	1
6094	69325	1
6094	69507	3
6094	69547	1
6094	69709	2
6094	69764	1
6094	69940	1
6101	302	1
6101	943	1
6101	4600	1
6101	5656	1
6101	6101	1
6101	6316	2
6101	10206	1
6101	11259	2
6101	19276	1
6101	21907	1
6101	37103	2
6101	69272	1
6101	69312	1
6107	2191	1
6249	18850	1
6249	19186	1
6249	24706	1
6262	49	1
6262	38783	1
6269	6269	2
6278	25590	1
6278	62130	1
6316	321	1
6316	668	3
6316	1079	1
6316	3684	2
6316	6316	7
6316	11926	1
6316	68929	2
6339	56669	1
6348	6348	2
6348	24965	2
6348	68866	1
6427	1355	1
6451	56926	2
6460	6460	5
6460	46472	1
6481	18060	1
6494	1532	1
6494	30081	1
6494	31469	1
6494	60665	1
6494	68718	2
6517	51008	1
6518	1355	1
6518	6316	2
6518	6518	1
6518	43737	5
6518	69051	2
6518	69627	1
6646	402	3
6647	1946	1
6647	14915	1
6647	38805	1
6647	69116	1
6756	60665	1
6794	2415	2
6794	2841	1
6794	6794	5
6794	7206	2
6794	18060	2
6794	22277	1
6794	29231	2
6794	30186	1
6794	34538	1
6794	37096	1
6794	38866	2
6794	58096	1
6794	66898	1
6818	10446	1
6856	24965	1
6858	69617	1
6872	2039	1
6936	6936	3
6936	13213	1
6936	24965	2
6936	57280	1
6942	69116	1
6950	7460	1
7030	6094	1
7031	7031	1
7060	297	1
7076	12395	1
7076	43928	1
7092	1358	1
7092	3106	1
7092	6094	2
7092	41593	1
7092	65915	1
7108	7108	1
7108	64433	1
7206	1098	1
7206	1946	4
7206	2415	1
7206	3621	1
7206	6316	1
7206	7206	4
7206	8628	7
7206	10503	1
7206	11115	7
7206	11145	3
7206	14915	3
7206	17968	3
7206	26809	5
7206	31647	1
7206	34538	1
7206	35734	1
7206	37385	1
7206	38866	1
7206	41953	2
7206	69232	1
7206	69236	1
7262	8176	2
7320	41291	1
7402	7402	4
7402	20782	1
7402	32389	1
7402	68933	1
7460	7460	2
7460	17907	1
7460	42721	1
7460	46578	1
7460	46867	2
7460	50467	1
7460	58203	2
7460	69482	1
7460	69766	1
7499	7499	5
7591	24916	1
7631	5094	1
7631	6094	1
7631	7631	2
7631	38319	1
7666	2841	1
7666	3848	1
7666	4149	1
7666	4428	1
7666	4721	1
7666	9947	1
7666	21815	1
7666	45397	1
7666	46578	1
7666	66365	2
7666	69047	1
7709	2954	2
7709	14450	1
7709	15934	1
7709	41853	1
7709	48831	2
7709	68757	1
7710	1245	1
7710	9072	1
7710	20793	1
7710	56553	2
7717	69757	1
7732	36554	1
7743	6094	1
7743	7743	3
7743	38966	1
7762	7952	3
7952	7762	1
7952	7952	9
7952	19276	1
7979	50551	1
8008	69520	1
8032	8032	1
8032	41075	1
8032	68660	1
8103	317	1
8103	1437	1
8103	3634	1
8103	58804	1
8106	8106	7
8106	8133	3
8106	10110	1
8106	35734	1
8106	38966	1
8133	2733	1
8133	4312	1
8133	7206	2
8133	8106	1
8133	8133	9
8133	8628	2
8133	10110	1
8133	32022	1
8133	38966	1
8133	61738	1
8133	64308	1
8133	66898	2
8133	69232	3
8133	69371	2
8176	1465	1
8176	4040	1
8176	7262	1
8176	8176	1
8176	24916	1
8176	32831	1
8176	38889	2
8320	8320	11
8338	30081	1
8338	37942	2
8338	69140	1
8345	27400	1
8369	8369	1
8385	45	1
8385	49	2
8385	1688	3
8385	1703	1
8385	2554	1
8385	2622	2
8385	4312	1
8385	6094	2
8385	8385	11
8385	8628	5
8385	15934	1
8385	20595	3
8385	22277	1
8385	24864	1
8385	31356	1
8385	31469	1
8385	43129	1
8385	68514	2
8385	68663	2
8385	68927	1
8385	68933	1
8385	69118	5
8385	69214	1
8385	69320	1
8385	69907	1
8430	2811	1
8430	3709	1
8430	8430	5
8430	8799	1
8430	11142	1
8430	11825	1
8430	14830	1
8430	36554	1
8430	37202	3
8430	38947	1
8430	41666	2
8430	49122	1
8430	67107	1
8430	69052	2
8430	69112	2
8430	69118	1
8430	69472	1
8430	69627	1
8588	8588	3
8588	15570	1
8588	48466	1
8588	69039	1
8588	69123	1
8621	15124	1
8628	1703	1
8628	1946	2
8628	8385	1
8628	8628	18
8628	17836	1
8628	21815	1
8628	22277	3
8628	30186	1
8628	40096	1
8628	62434	1
8628	68986	1
8784	69461	1
8799	4832	1
8799	8799	2
8799	36931	1
8799	69495	1
8846	8809	1
8857	1358	1
8857	11919	1
8857	24792	1
8857	68866	1
8857	69667	1
8887	8369	1
8991	59239	1
9025	7076	1
9025	9025	1
9025	11259	4
9025	18598	1
9025	36554	5
9025	47855	1
9025	69043	1
9025	69090	1
9068	297	1
9072	44	1
9072	3684	1
9072	3803	1
9072	9072	2
9072	25510	2
9072	38851	1
9072	41139	3
9072	66688	2
9072	68848	1
9072	68892	1
9091	44	2
9091	22051	1
9093	24715	1
9253	69533	1
9269	38966	3
9317	64184	1
9417	9417	1
9449	69757	1
9485	9485	1
9485	68305	2
9617	12402	1
9652	9652	2
9652	38805	1
9652	58975	1
9652	69295	1
9652	69718	4
9672	4312	1
9672	9672	2
9672	38947	2
9694	34538	2
9871	9871	5
9871	19369	1
9871	68614	1
9896	9896	1
9924	9924	1
9924	47837	1
9947	9947	1
9947	47305	2
10035	766	2
10035	1305	1
10035	3684	4
10035	4312	10
10035	10035	12
10035	10858	3
10035	44293	1
10035	48142	5
10035	69601	1
10035	69757	2
10076	10076	2
10076	43198	1
10076	47136	4
10076	61815	1
10076	69757	1
10110	2733	1
10110	10110	2
10265	24953	1
10265	26809	1
10265	48609	1
10341	10341	2
10365	3199	1
10365	10365	4
10365	11115	1
10365	16510	1
10366	3995	1
10366	10366	1
10366	10707	1
10366	16785	1
10366	38966	1
10366	41075	2
10366	56462	1
10368	6316	1
10368	16023	1
10368	67151	1
10482	1847	1
10482	10482	1
10503	24965	1
10503	61426	1
10503	69017	1
10605	49	1
10696	49	1
10696	1310	1
10696	1355	1
10696	2191	1
10696	5831	1
10696	8385	2
10696	9871	3
10696	10696	1
10696	12402	1
10696	14901	1
10696	19475	1
10696	26935	1
10696	41970	1
10696	58203	1
10696	68936	1
10696	68946	1
10696	68992	1
10696	69773	1
10707	10707	1
10707	32022	1
10707	35714	1
10718	5288	1
10718	5690	1
10718	34538	2
10854	1946	1
10854	3106	2
10854	20803	1
10858	10858	1
10858	11100	1
10898	2698	1
10898	4600	1
10898	14726	1
10946	35353	1
10980	38624	4
11009	13650	2
11009	38805	1
11025	11025	4
11025	37103	1
11028	67034	2
11054	1840	1
11054	4961	1
11054	11054	3
11054	36554	2
11054	41187	2
11054	41666	1
11054	48466	1
11054	67034	1
11054	68946	1
11054	69341	3
11056	11056	1
11056	23291	2
11100	1223	1
11100	4312	6
11100	8846	1
11100	9896	2
11100	10482	1
11100	10858	1
11100	11100	8
11100	12481	2
11100	14064	1
11100	14875	1
11100	28104	1
11100	31371	1
11100	35482	1
11100	38744	1
11100	40780	1
11100	61532	1
11100	67107	1
11100	67150	2
11100	68302	1
11100	69320	1
11100	69325	1
11100	69644	1
11100	69709	2
11100	69937	1
11115	1098	1
11115	1459	1
11115	1946	2
11115	8106	1
11115	8628	2
11115	11115	9
11115	29231	2
11115	38866	1
11115	38966	1
11115	41953	1
11115	51323	2
11115	69862	1
11142	1650	4
11142	6094	3
11142	11142	17
11142	12395	2
11142	12481	2
11142	13093	1
11142	13650	1
11142	17164	1
11142	17294	1
11142	21574	1
11142	23141	1
11142	24757	1
11142	24768	1
11142	32906	1
11142	33746	1
11142	35520	1
11142	36554	1
11142	40780	1
11142	41075	1
11142	41219	1
11142	44768	1
11142	51454	2
11142	51469	1
11142	63877	1
11142	66638	1
11142	68579	1
11142	68933	1
11142	69112	1
11142	69169	1
11142	69482	1
11142	69491	2
11142	69610	1
11142	69763	1
11142	69773	1
11142	69782	2
11142	69796	1
11142	69919	1
11145	8106	1
11145	10503	1
11145	11115	2
11145	11145	3
11211	32460	2
11233	11115	1
11233	31647	1
11236	69796	1
11259	405	1
11259	9025	1
11259	11259	5
11260	2811	1
11260	5621	1
11260	10035	1
11260	11115	2
11260	11260	1
11260	15981	1
11260	20782	1
11260	22431	1
11260	24494	1
11260	34538	1
11260	37266	1
11260	45603	1
11260	45933	1
11260	56553	1
11260	64248	1
11260	66688	1
11260	68601	2
11260	69551	1
11260	69675	1
11260	69790	1
11260	69820	1
11317	11317	1
11376	11376	1
11417	3948	1
11417	66443	2
11417	68399	1
11445	18128	1
11500	5869	1
11500	32817	1
11500	34859	1
11504	3272	1
11504	11504	1
11540	11540	2
11540	20356	1
11540	69045	1
11546	11546	4
11546	68468	1
11640	75	1
11640	303	1
11640	2362	1
11640	2841	2
11640	6094	1
11640	11115	1
11640	11640	1
11640	41970	1
11640	56878	1
11640	69691	1
11682	2503	4
11682	11682	2
11682	45657	1
11682	47305	1
11682	69859	1
11705	6094	1
11705	20595	3
11716	11716	1
11716	55893	2
11825	8430	1
11825	13650	1
11825	69472	1
11877	11877	4
11919	1358	1
11919	3803	3
11919	11054	1
11919	11919	2
11919	13625	1
11919	38624	3
11919	48142	1
11919	50081	1
11919	51663	2
11919	66688	1
11919	69667	1
11926	6094	1
11926	6316	1
11926	11926	4
11926	11966	1
11926	18060	1
11926	33018	1
11926	38624	1
11966	14830	2
12120	30721	1
12120	39322	1
12138	21399	1
12156	53155	2
12156	61426	1
12166	3092	1
12166	8320	4
12166	24965	6
12166	35714	1
12166	42440	1
12166	68926	5
12166	69037	1
12166	69525	1
12176	45057	1
12176	48440	1
12178	613	2
12178	6094	2
12178	7631	1
12310	1048	1
12310	27816	2
12310	36688	1
12310	69763	1
12310	69770	1
12325	12325	2
12325	48438	1
12395	12395	5
12419	12419	1
12481	1266	3
12481	4312	1
12481	5712	1
12481	10365	1
12481	12481	10
12481	26522	3
12481	56286	2
12481	68835	1
12481	69858	2
12487	69461	1
12547	12547	3
12547	69525	1
12643	53155	2
12643	69887	1
12705	1098	3
12705	1536	2
12705	1946	1
12705	3106	2
12705	3143	1
12705	4961	2
12705	6794	1
12705	8133	2
12705	8385	2
12705	10898	1
12705	12481	3
12705	12705	2
12705	22277	2
12705	26085	1
12705	28104	1
12705	30186	2
12705	36554	1
12705	38200	2
12705	38966	3
12705	39521	4
12705	41139	1
12705	41194	2
12705	49044	1
12705	57467	5
12705	65878	2
12705	68554	1
12705	69245	1
12705	69488	1
12705	69516	1
12705	69644	1
12705	69647	1
12705	69858	1
12858	4312	1
12858	33468	1
12898	21907	1
12898	51335	1
12911	27513	1
12978	30186	1
13092	6998	1
13113	49	4
13113	2362	1
13113	10059	1
13113	11115	1
13113	18060	1
13113	61364	2
13113	68962	1
13113	69556	1
13119	3121	1
13119	13119	1
13119	39082	1
13119	46104	1
13119	46867	3
13119	47294	1
13119	61687	1
13119	69313	1
13119	69556	1
13139	4428	1
13158	9317	1
13168	9871	1
13213	2841	1
13265	5101	1
13265	13265	2
13265	13803	1
13265	18060	2
13265	38276	1
13265	46578	1
13265	58203	1
13265	66365	1
13265	68722	1
13265	69076	1
13265	69361	1
13265	69852	1
13268	2318	1
13268	13268	1
13268	22606	1
13268	32460	1
13268	54780	1
13268	62367	1
13268	62491	1
13268	66688	1
13381	16023	1
13552	47294	1
13625	13625	3
13625	26080	2
13650	454	2
13650	3041	1
13650	6094	1
13650	11142	1
13650	11259	1
13650	11825	1
13650	13650	4
13650	25510	2
13650	48438	1
13650	49122	1
13650	51469	2
13650	58802	2
13650	60732	2
13653	68693	1
13767	2039	1
13767	5869	1
13767	10839	1
13767	13767	4
13803	13803	1
13904	13904	2
13904	62629	1
13972	297	1
13972	1441	1
13972	4177	2
13972	6015	2
13972	6094	1
13972	13972	8
13972	16031	1
13972	16183	1
13972	18801	1
13972	25590	2
13972	35353	4
13972	37002	1
13972	42721	3
13972	43122	1
13972	48438	1
13972	50467	1
13972	58550	1
13972	62367	3
13972	66638	1
13972	66688	6
13972	68645	2
13972	69477	1
13972	69579	1
14094	3824	1
14094	4149	1
14094	6481	1
14094	11025	4
14094	11142	2
14094	12395	5
14094	14094	4
14094	21815	4
14094	23950	3
14094	24916	1
14094	26608	2
14094	27398	1
14094	36554	1
14094	37385	1
14094	38200	5
14094	38889	4
14094	47344	1
14094	51250	2
14094	61471	2
14094	61502	3
14094	67031	2
14094	68805	1
14094	68935	4
14094	69075	1
14094	69151	1
14094	69184	3
14094	69356	1
14094	69591	2
14094	69647	1
14094	69681	1
14154	919	1
14154	7952	1
14154	14154	2
14154	34766	1
14154	48554	3
14154	68842	2
14233	8628	1
14340	20300	1
14443	14443	2
14447	14447	1
14450	3106	1
14450	4040	1
14450	4312	2
14450	6094	1
14450	9025	1
14450	9672	2
14450	11142	1
14450	14450	5
14450	28104	1
14450	34538	1
14450	37211	1
14450	38889	3
14450	56215	1
14450	56553	1
14450	57088	1
14450	58802	1
14450	63877	6
14450	66688	1
14450	69112	1
14450	69184	5
14450	69341	1
14450	69356	1
14450	69443	1
14450	69463	1
14493	6094	1
14497	36688	1
14508	362	1
14514	14514	1
14514	58018	1
14514	62798	1
14514	68936	1
14515	14515	4
14515	25356	1
14515	36688	1
14515	66688	1
14515	68473	1
14551	46907	2
14555	14555	1
14555	43108	1
14830	290	1
14830	6094	3
14830	11966	1
14830	14830	2
14830	24916	3
14830	32389	1
14830	36554	1
14830	42326	1
14830	48142	2
14830	63877	1
14830	68722	1
14830	69075	2
14830	69112	1
14835	14835	1
14901	7360	1
14901	9072	1
14901	14901	1
14901	33927	3
14901	67042	1
14901	69043	2
14915	1946	1
14915	3199	1
14915	3623	1
14915	5984	2
14915	6094	1
14915	7206	1
14915	7743	1
14915	8628	6
14915	11145	1
14915	14915	6
14915	22277	1
14915	29231	1
14915	31035	1
14915	35734	2
14915	40321	3
14915	41194	1
14915	43354	1
14915	61738	1
14915	62434	1
14915	68958	1
14915	69214	1
14915	69245	1
14915	69292	1
15002	8628	1
15054	34538	1
15129	8628	2
15129	15129	1
15129	20160	1
15242	1826	1
15242	30999	1
15242	44953	1
15482	297	1
15540	18286	1
15570	4832	2
15570	8588	3
15570	8769	1
15570	15570	4
15629	1358	1
15629	13625	1
15629	15629	1
15629	16326	1
15629	34589	1
15629	46773	1
15713	8106	1
15735	15735	1
15819	4600	1
15819	6094	2
15819	19475	1
15887	15887	1
15887	26878	2
15934	290	1
15934	2841	3
15934	3711	1
15934	4002	1
15934	6316	2
15934	7709	1
15934	11877	2
15934	15934	2
15934	28104	1
15934	34538	2
15934	36554	1
15934	38805	1
15934	41291	3
15934	62003	1
15934	68762	1
15934	68935	2
15981	11260	1
15981	15981	1
16023	16023	2
16049	16049	1
16049	68701	1
16107	49	4
16107	8588	1
16107	12705	1
16107	16107	1
16107	69392	1
16178	2384	2
16183	16183	2
16326	391	1
16326	4231	1
16326	15629	1
16326	16183	2
16326	16326	7
16326	18261	1
16326	21753	1
16326	22880	1
16326	64563	1
16510	10365	1
16510	34490	3
16702	25490	1
16702	48356	1
16785	10366	1
16839	37646	1
16888	11926	1
17047	17047	2
17047	62367	1
17047	66688	1
17047	68473	1
17114	37266	1
17164	57088	1
17164	69573	1
17294	17294	1
17508	69424	1
17581	3684	1
17581	69764	1
17644	17644	2
17644	47294	1
17773	17773	7
17773	31356	1
17773	69155	1
17773	69815	1
17836	2415	2
17836	2689	1
17836	3199	1
17836	8628	8
17836	11142	1
17836	15129	1
17836	17836	1
17836	41060	1
17846	11142	1
17879	53156	1
17907	38966	1
17968	17968	7
17968	69236	4
17988	3848	3
17988	58203	1
17988	69184	1
18050	1190	1
18060	78	1
18060	327	1
18060	1946	1
18060	2689	2
18060	3847	1
18060	4721	1
18060	6015	1
18060	6094	1
18060	6481	1
18060	11966	1
18060	14450	1
18060	18060	18
18060	24965	1
18060	25485	1
18060	25590	1
18060	29730	1
18060	31469	1
18060	37103	1
18060	43198	2
18060	48334	2
18060	56286	1
18060	56553	1
18060	58372	1
18060	67150	1
18060	68722	1
18060	68805	4
18060	69051	1
18060	69361	1
18060	69475	1
18060	69621	1
18086	38805	1
18086	69709	1
18128	11445	1
18128	69133	1
18238	1273	1
18238	2874	1
18238	69184	1
18286	15540	1
18286	18286	1
18378	1459	1
18512	11546	1
18512	15887	1
18598	36721	1
18662	3684	1
18739	2042	1
18739	34490	1
18756	5775	1
18756	6094	1
18756	47638	3
18756	69222	1
18801	22971	1
18943	23141	1
18943	34538	1
19045	19045	1
19045	27398	3
19045	47763	1
19072	9062	1
19072	16023	1
19072	25510	1
19075	19075	1
19276	2926	1
19276	6094	1
19276	19276	1
19276	62367	1
19369	19369	1
19369	68722	1
19475	431	1
19475	19475	3
19475	41314	1
19475	58604	1
19593	19593	1
19593	22131	1
19593	69405	2
19838	955	4
19838	19838	7
19838	43267	1
19874	3199	2
19874	19874	1
19949	290	1
19949	2841	1
19949	13213	1
19949	19949	3
19949	32022	1
19949	69037	2
19965	18756	1
20026	20026	1
20026	41071	1
20026	46907	1
20052	20052	1
20052	22880	1
20233	41970	1
20233	43054	1
20300	1245	1
20300	20300	1
20302	16183	1
20302	20302	3
20302	22296	2
20302	24494	1
20302	54780	3
20302	60665	1
20302	69770	1
20302	69938	1
20356	11540	2
20460	20460	1
20507	36676	2
20562	66678	1
20595	6094	2
20595	11705	2
20595	20595	5
20597	1946	6
20597	11115	1
20597	20597	5
20598	14450	1
20764	35353	1
20782	11260	1
20782	20782	2
20787	24768	1
20787	69782	1
20793	7710	1
20803	2467	1
20803	3623	1
20803	20803	5
20948	2841	1
20994	40023	1
21051	49	1
21051	36696	1
21051	37103	1
21051	41666	1
21051	47925	1
21051	58682	2
21051	68620	1
21051	69419	2
21095	20783	1
21123	20781	4
21146	18060	3
21146	34490	3
21146	38889	1
21146	48142	4
21265	13972	2
21265	25590	1
21265	66688	3
21271	43267	1
21574	11142	1
21574	21574	3
21574	37238	1
21574	68866	1
21574	69067	1
21684	62201	1
21753	21753	1
21778	391	1
21815	450	1
21815	1310	1
21815	1703	1
21815	4149	1
21815	4428	1
21815	4600	1
21815	7666	1
21815	8628	6
21815	21815	9
21815	22277	1
21815	28104	2
21815	43108	1
21815	45397	2
21815	47305	1
21815	48142	1
21815	61426	1
21815	66528	4
21815	69391	3
21815	69627	1
21907	6101	1
21907	21907	2
21907	42047	1
21907	42326	1
21907	68794	1
21917	41291	1
22051	4438	1
22131	22131	3
22131	36688	1
22131	43108	3
22191	22191	3
22277	49	1
22277	8628	7
22277	11115	1
22277	22277	7
22277	36688	1
22277	41060	3
22277	50353	1
22294	66678	1
22296	62629	1
22377	8628	1
22377	22377	2
22377	56465	2
22377	68305	1
22606	13268	1
22606	22606	1
22763	22763	1
22773	69194	5
22781	22781	4
22781	23141	1
22781	34538	1
22846	2024	1
22846	2720	1
22846	22846	6
22846	31327	1
22846	34444	2
22846	68519	2
22878	32866	1
22878	67151	1
22971	18801	1
22971	69773	1
22989	4312	1
22989	24965	1
22989	34538	1
22989	68762	1
23141	8628	2
23141	21907	1
23141	23141	2
23141	34538	5
23141	44768	1
23179	23179	3
23179	62629	5
23193	11178	1
23193	22606	2
23193	27400	1
23232	4312	1
23232	23232	2
23291	11056	1
23291	23291	1
23291	68579	1
23291	68707	1
23291	68719	1
23291	69075	1
23297	4408	2
23310	11084	1
23571	69922	1
23572	14493	1
23572	18756	1
23572	30081	1
23572	40297	1
23572	41291	1
23661	4312	1
23753	23753	1
23950	2384	1
23950	14094	1
23950	68302	1
24094	353	1
24094	24094	3
24221	13972	1
24221	47274	1
24221	67031	1
24221	69477	2
24221	69525	1
24309	15981	1
24309	24309	1
24309	38200	2
24309	56920	2
24494	658	1
24494	24494	3
24498	24498	1
24706	7607	1
24757	11142	1
24757	24757	3
24768	11142	1
24768	41219	1
24792	24792	1
24891	24891	2
24891	52812	1
24916	763	1
24916	2554	1
24916	24916	10
24916	33724	1
24916	36688	1
24916	68305	2
24953	22131	1
24965	6348	2
24965	24965	6
24965	34464	3
24965	43054	1
24993	11504	1
25028	25028	3
25028	69757	1
25104	40588	1
25145	36721	1
25199	29625	2
25229	25229	1
25229	43928	1
25229	64387	1
25256	2060	1
25256	25256	2
25256	61939	5
25358	4231	1
25358	68305	1
25485	8628	2
25485	25485	1
25485	60535	1
25485	64387	1
25485	68987	1
25485	69292	1
25490	6269	1
25490	25490	1
25490	69763	1
25510	7631	2
25510	11504	1
25510	24132	2
25510	25510	6
25510	38805	6
25510	58218	1
25510	68794	1
25510	69140	1
25510	69173	1
25510	69194	1
25510	69533	1
25510	69573	1
25510	69763	1
25510	69919	2
25563	69762	1
25590	25590	9
25590	32460	1
25590	41734	1
25980	1492	1
25980	40096	1
25980	58096	1
26083	1465	1
26088	26088	1
26302	69392	1
26522	26522	2
26522	38889	2
26522	39304	1
26522	40023	2
26522	47136	3
26522	56286	1
26522	68866	1
26591	8106	1
26608	26608	5
26608	34538	1
26608	37103	1
26766	37385	1
26801	69424	1
26809	75	1
26809	23835	1
26809	26809	4
26935	26935	5
26935	32460	1
26935	46773	1
26935	53155	1
26935	64248	1
26935	66688	2
26935	68797	1
26935	69151	1
26935	69272	1
26935	69474	1
27004	1358	1
27013	49	2
27013	27013	1
27013	38851	1
27034	11115	1
27069	68530	1
27398	27398	2
27400	27400	1
27453	11142	1
27453	27453	1
27453	39082	2
27453	44768	1
27513	27513	2
27513	43928	1
27767	42326	1
27816	4639	1
27816	27816	5
27816	65800	1
27829	17773	2
27832	67031	1
27870	69037	1
28104	2384	1
28104	3623	2
28104	13012	1
28104	16049	1
28104	28104	3
28104	34444	1
28104	39521	1
28104	60732	2
28104	63877	1
28104	69183	1
28104	69405	1
29231	14915	1
29231	29231	3
29231	51323	1
29316	6094	1
29404	3995	1
29404	29404	1
29422	7448	1
29437	8133	1
29437	10503	1
29444	67007	3
29491	8628	1
29625	29625	4
29697	431	1
29697	4312	1
29697	7709	3
29697	10858	1
29697	11115	1
29697	24494	1
29697	43928	1
29697	69077	1
29697	69556	1
29697	69586	3
29730	29730	1
29783	29783	3
29783	32389	2
29783	34538	1
29783	60810	2
29783	69207	2
29883	5756	1
30062	38805	1
30081	2784	1
30186	6316	1
30186	11926	1
30186	12978	1
30186	30186	2
30186	51323	2
30366	68473	1
30684	42326	1
30721	3041	1
30721	30721	1
30726	31327	1
30726	56286	1
30827	4428	2
31035	14915	1
31035	31035	2
31051	69183	1
31134	22095	1
31233	2841	1
31308	24864	1
31310	6094	1
31327	22846	1
31327	31327	3
31356	31356	5
31371	4312	1
31371	14875	1
31371	31371	3
31371	41187	1
31469	297	2
31469	4832	1
31469	31469	1
32022	32022	1
32022	68660	1
32210	41853	1
32332	5831	1
32332	16326	1
32332	32332	1
32332	54667	1
32332	56819	1
32355	32355	1
32389	2622	2
32389	6316	1
32389	14155	1
32389	32389	4
32389	32460	1
32389	33746	1
32389	48745	1
32389	56553	1
32389	69424	1
32460	25590	1
32460	26935	7
32460	32460	3
32470	69272	1
32866	22878	1
32898	32389	1
32906	11142	2
33018	3948	6
33018	33018	1
33039	33039	3
33039	37385	4
33039	38851	1
33135	67007	1
33141	6666	1
33290	33290	1
33741	13904	1
33804	48839	1
33927	2954	3
33927	33927	4
34027	9025	1
34180	1149	1
34180	1459	1
34180	1946	1
34180	2807	1
34180	10909	1
34444	34444	3
34464	66	3
34464	34464	2
34490	16510	1
34490	18739	1
34490	34490	3
34518	668	2
34518	5690	1
34518	13972	3
34518	34518	1
34538	1459	1
34538	6460	4
34538	6794	1
34538	14450	2
34538	22989	1
34538	23141	1
34538	24078	1
34538	34538	21
34538	55892	1
34544	34544	2
34544	37385	1
34575	68305	3
34640	67151	1
34671	3	1
34766	34766	1
35269	14094	1
35313	7717	1
35313	15934	2
35353	4528	1
35353	15597	1
35353	17294	1
35353	35353	1
35353	54780	1
35357	2841	2
35416	68670	2
35480	13119	1
35482	11100	1
35486	35486	1
35486	59209	1
35520	1302	1
35520	11142	2
35520	34538	1
35520	36452	1
35593	6094	1
35593	24494	1
35593	34490	1
35593	35593	1
35593	36554	1
35593	36886	3
35593	58802	7
35626	44	1
35626	1305	1
35626	3206	1
35626	4312	1
35626	6094	9
35626	9896	2
35626	10341	1
35626	11705	2
35626	17773	1
35626	18060	3
35626	29783	1
35626	31035	4
35626	34538	5
35626	35626	2
35626	36554	1
35626	38267	1
35626	41291	1
35626	56553	1
35626	58001	1
35626	60810	1
35626	61479	2
35626	68895	1
35626	68916	1
35626	68935	1
35626	69214	1
35626	69516	1
35626	69559	1
35626	69601	3
35714	9072	1
35714	11115	1
35734	8106	1
35734	35734	1
35840	4312	1
35840	16049	1
35840	23232	1
35840	28104	1
35840	34444	3
35840	38744	2
35840	47344	1
35840	56215	1
35840	61502	1
35840	69140	1
35927	49	2
35927	35927	1
35927	69559	1
35942	15887	1
35959	4312	1
35959	35959	1
36016	16132	1
36024	3948	1
36024	36024	1
36103	404	2
36103	16554	1
36146	381	1
36146	68968	1
36146	69559	1
36148	36067	1
36367	30721	1
36452	31092	1
36452	35520	1
36452	36452	2
36452	46551	1
36466	290	1
36466	69075	1
36554	1266	7
36554	10858	1
36554	36554	24
36554	62709	2
36622	43198	1
36672	66365	1
36676	36676	2
36688	14515	2
36688	22277	1
36688	24916	5
36688	36688	11
36688	44953	3
36721	658	1
36721	4312	2
36721	18598	1
36721	24494	1
36721	25145	3
36721	30366	1
36721	36721	2
36721	42531	1
36721	57022	1
36721	64552	1
36871	7631	1
36886	11142	1
36886	36886	2
36934	36934	1
37002	37002	1
37006	394	2
37096	6794	3
37096	68305	1
37099	532	1
37099	37099	1
37103	75	1
37103	763	1
37103	20782	1
37103	25510	1
37103	26608	1
37103	32460	2
37103	37103	5
37103	38290	1
37103	38624	1
37103	39507	1
37103	44651	1
37103	48438	1
37103	51663	1
37103	59248	1
37103	62560	1
37103	68933	2
37103	69272	1
37158	43129	1
37202	37202	1
37266	11260	1
37266	37266	1
37370	47274	2
37385	1306	4
37385	1536	1
37385	2926	1
37385	4600	2
37385	33039	1
37385	34544	2
37385	37385	4
37436	934	1
37436	11142	1
37436	66638	1
37555	69067	1
37942	37942	4
38066	58777	1
38200	38200	7
38267	4312	2
38276	38276	1
38290	38290	1
38319	7631	1
38434	3635	1
38448	2043	1
38448	11926	1
38448	19276	1
38468	69389	1
38566	34538	1
38566	40932	1
38566	69466	1
38624	1305	1
38624	3621	1
38624	11919	1
38624	32389	1
38624	37103	1
38624	38624	3
38624	68971	1
38624	69272	1
38711	68866	1
38764	36554	1
38783	6262	1
38783	38783	1
38805	4832	1
38805	10206	1
38805	33018	1
38805	35927	1
38805	38805	6
38832	5496	5
38832	38832	2
38851	34490	2
38851	38851	1
38852	36554	2
38866	5810	1
38866	11115	2
38866	38866	4
38869	1462	1
38889	38889	5
38947	4312	1
38947	8430	1
38947	38947	2
38966	11115	1
38966	38966	2
38966	68866	1
38966	68958	1
39082	250	1
39082	1650	3
39082	2191	1
39082	3121	1
39082	22781	3
39082	27453	4
39082	34538	1
39082	42695	1
39082	66688	1
39082	68992	1
39120	7709	1
39142	3503	1
39300	20595	1
39304	39304	1
39322	64449	1
39351	69497	1
39359	4312	1
39359	39359	1
39421	69320	1
39475	39475	2
39495	2384	1
39495	14830	1
39495	34490	1
39495	61426	3
39521	27	1
39521	1320	1
39521	6094	1
39521	33664	1
39521	60732	2
39747	22763	2
39747	69122	2
40023	33018	1
40023	34538	1
40023	40023	1
40078	5784	1
40096	40096	1
40120	68236	1
40206	50901	1
40297	2191	2
40297	7460	1
40297	7952	1
40297	11025	4
40297	12402	1
40297	37338	1
40297	38783	1
40297	38832	2
40297	39380	1
40297	45397	1
40297	46104	1
40297	46867	1
40297	47305	1
40297	58203	2
40297	61471	1
40297	61687	3
40297	62367	1
40297	62384	1
40297	66365	2
40297	66528	1
40297	68302	2
40297	68790	1
40297	68936	1
40297	68950	1
40297	68994	1
40297	69066	1
40297	69067	1
40297	69353	1
40297	69558	1
40321	40321	1
40549	40549	1
40549	68907	2
40793	40793	2
40804	3460	1
40883	4692	1
40883	40883	1
40883	56594	1
40932	69419	3
41071	41071	3
41071	46907	1
41075	10366	1
41075	11142	1
41139	11926	1
41139	34538	1
41139	41139	1
41139	62367	2
41139	66688	1
41139	68305	1
41139	69341	1
41142	1	1
41142	41142	1
41187	31371	3
41187	41187	3
41194	14915	1
41194	41194	2
41263	66688	1
41291	1709	1
41291	2000	1
41291	2841	1
41291	6094	2
41291	10341	3
41291	14493	1
41291	16858	1
41291	18263	1
41291	24891	3
41291	38200	1
41291	41291	12
41291	66166	1
41291	68305	1
41291	69245	2
41314	19475	1
41593	4692	1
41593	34490	1
41593	41593	1
41593	51663	2
41593	69154	1
41593	69556	4
41666	11054	1
41666	41666	1
41953	41953	4
41970	6094	1
41970	11640	1
41970	41970	2
42047	3509	1
42047	15570	1
42047	21907	1
42047	42047	3
42047	68727	1
42047	68992	1
42278	3995	1
42278	29404	2
42278	34538	1
42278	58802	1
42278	69107	1
42326	12120	2
42326	42326	1
42326	55893	1
42326	60491	1
42531	36721	1
42537	2570	1
42537	42714	1
42676	11115	1
42721	42721	4
43027	50846	1
43054	2503	3
43054	11546	1
43054	24965	1
43054	43054	3
43054	68660	2
43054	69838	2
43108	14555	1
43108	21815	1
43108	39304	1
43108	43108	5
43108	68521	1
43108	68935	1
43108	69067	1
43198	3521	1
43198	5496	1
43198	10076	2
43198	43198	1
43266	1946	2
43266	8628	6
43266	22377	2
43266	58096	1
43266	61426	1
43266	61738	2
43266	68848	1
43267	19838	1
43267	43267	1
43318	43318	1
43318	69653	1
43387	3106	1
43423	20391	1
43696	43696	1
43736	40780	1
43737	6518	1
43737	33018	1
43737	43737	3
43849	4298	1
43889	43889	1
43928	25229	1
43928	27513	1
43928	43928	2
44049	38624	1
44143	24494	1
44143	28104	1
44143	44143	1
44191	44191	1
44191	50846	2
44555	44555	1
44953	3092	2
44953	15242	1
44953	15292	1
44953	20782	1
44953	26608	1
44953	27400	2
44953	34490	1
44953	34538	2
44953	36554	1
44953	36688	5
44953	40780	1
44953	44953	3
44953	61364	1
44953	61506	1
44953	65937	1
44953	68663	1
44953	68701	1
44953	68848	1
44953	69037	2
44953	69047	1
44953	69063	1
44953	69218	1
44953	69283	1
44953	69325	1
44953	69424	1
44953	69477	1
44953	69801	2
44953	69858	1
45027	69644	2
45057	34490	2
45212	45212	1
45223	45223	4
45223	67140	1
45397	45397	3
45603	46975	1
45603	50874	1
45657	2503	1
45933	11260	1
46104	46104	1
46104	46867	1
46118	14915	1
46214	532	1
46214	6094	3
46214	46214	2
46298	68236	1
46472	6460	2
46472	46472	2
46495	46495	2
46495	51420	1
46578	13265	1
46578	46578	4
46690	4709	1
46690	7762	1
46690	7952	2
46690	11546	1
46690	24965	3
46690	43054	3
46690	68777	1
46773	26935	1
46859	50302	1
46867	46867	2
46907	20026	2
46907	21111	1
46907	32812	1
46907	41071	3
46907	46907	2
46907	64449	3
46975	6094	1
47071	1532	1
47071	69140	1
47136	10076	1
47274	3380	1
47274	3676	1
47274	37370	1
47274	47274	2
47274	67034	1
47274	69151	1
47294	17644	2
47294	47294	1
47305	9947	1
47305	10696	1
47305	19369	1
47305	29730	1
47305	47305	3
47305	68722	1
47344	14094	1
47532	7294	1
47547	13119	2
47638	47638	5
47704	24201	1
47763	297	1
47763	21992	1
47763	47763	1
47763	50249	1
47855	9025	1
47855	69534	2
47925	69226	1
47958	8176	1
48007	2051	1
48094	69320	1
48142	1305	1
48142	3803	1
48142	10035	1
48142	48142	6
48142	69391	2
48334	2954	1
48334	5784	1
48334	18060	2
48438	12325	1
48438	48438	1
48481	34490	2
48552	284	1
48554	14154	2
48554	48554	2
48609	48609	1
48745	48745	2
48831	7709	1
48831	48831	1
48839	766	1
48839	10035	2
48839	11115	1
48839	12325	1
48839	24916	1
48839	26809	1
48839	33804	1
48839	38805	1
48839	45212	1
48839	48839	4
48839	50874	1
48839	62656	1
48839	66638	2
48839	67034	1
48839	69029	1
48839	69112	1
48839	69226	1
48839	69542	1
48839	69544	1
48839	69573	2
48859	1450	1
48859	9652	1
48866	56926	1
48866	69621	1
49045	62629	4
49208	8799	1
49208	66638	1
49280	36688	1
49620	64449	1
49655	21684	1
49673	10330	1
49789	49789	1
50145	16107	1
50249	47763	1
50265	11926	1
50265	47751	2
50409	50409	1
50427	2317	1
50427	2807	1
50427	5506	1
50427	8799	1
50427	23141	1
50427	26012	1
50427	50427	1
50467	50467	1
50551	7979	1
50551	50551	1
50754	1703	1
50754	5584	1
50754	8628	1
50754	14233	2
50842	1532	1
50846	956	2
50846	2837	1
50846	43027	1
50846	44191	2
50846	50846	4
50846	58804	4
50846	62130	1
50846	66365	2
50846	66688	1
50846	67140	3
50846	69159	1
50846	69310	1
50846	69558	1
50859	68305	1
50874	50874	1
50901	3709	1
50901	40206	1
50929	5575	1
51112	1465	1
51137	3948	6
51250	1650	1
51250	51250	4
51251	956	1
51251	51251	2
51323	51323	1
51419	1450	1
51420	1988	2
51420	46495	1
51420	51420	1
51454	11142	2
51454	51454	1
51469	13650	5
51469	51469	1
51484	51484	2
51632	46495	1
51663	2926	1
51663	18060	1
51663	37103	1
51663	51663	3
51663	60732	2
51663	68946	1
51663	69173	1
52954	6094	1
52954	33018	1
53091	4423	1
53110	1715	1
53155	53155	3
53197	2039	1
53197	53197	4
53197	68805	3
54233	11260	1
54306	22051	1
54390	19823	1
54415	15735	2
54495	54495	2
54667	32332	3
54780	16702	1
54780	20302	2
54780	35353	3
54780	50874	1
54780	54780	4
54797	766	2
54797	54797	1
55866	61506	1
55893	4312	1
55893	11142	1
55893	11716	1
55893	16326	1
55893	17047	1
55893	20595	2
55893	37103	1
55893	42326	2
55893	54780	2
55893	55893	2
55893	56669	1
55893	57711	1
55893	68650	1
55893	68663	1
55893	68737	1
55893	68773	1
55893	69118	2
55893	69320	1
55893	69323	1
55893	69334	1
55893	69356	1
56094	613	1
56094	6316	1
56150	19011	1
56150	39756	1
56150	47751	1
56286	56286	2
56462	318	1
56462	10366	1
56465	56465	1
56553	5585	1
56553	14830	1
56553	56553	2
56669	1034	1
56669	56669	1
56819	56819	3
56878	56878	1
56920	16183	1
56920	24309	1
56920	56920	1
56921	10909	1
56926	48866	1
56926	56926	1
57022	57022	2
57022	68845	1
57088	17164	1
57088	57088	1
57088	68953	2
57145	40096	1
57280	437	1
57280	6936	3
57398	3848	1
57398	18060	1
57398	58018	1
57426	6101	1
57432	69507	1
57467	39419	1
57467	57467	4
57583	11115	2
57712	38200	1
57941	1358	1
58018	57398	1
58018	58018	2
58057	7	1
58057	4528	1
58057	21815	1
58096	1492	1
58203	10696	1
58203	13265	1
58203	58203	4
58211	58211	1
58218	6094	1
58226	27013	1
58372	18060	1
58372	58372	2
58488	36098	1
58550	58975	4
58604	69630	1
58628	29491	1
58682	58682	2
58777	19276	1
58777	41291	1
58777	58777	1
58888	45223	3
58952	12547	1
58975	58550	1
58975	58975	4
59011	8369	1
59011	64163	1
59011	69546	1
59018	532	1
59092	4961	3
59092	7934	1
59142	1574	1
59178	1131	1
59209	59209	1
59234	59234	1
59239	8991	1
59248	3106	1
59248	27398	1
59248	37103	1
59248	66365	1
59248	69591	1
60491	42326	1
60535	60535	1
60618	63877	1
60665	60665	2
60665	69052	3
60732	60732	3
60810	60810	4
60810	69547	2
60985	49	5
60985	2841	1
60985	8385	3
61197	61197	3
61364	61364	1
61426	61426	2
61460	1441	1
61471	61471	1
61502	14094	1
61506	61506	1
61532	11100	3
61709	68579	1
61738	1946	1
61738	13904	1
61738	26935	1
61738	61738	1
61939	3544	2
61939	3848	1
61939	11682	3
61939	16183	1
61939	17047	1
61939	18060	4
61939	21815	3
61939	24965	4
61939	25256	1
61939	41142	1
61939	53197	4
61939	56878	4
61939	58372	1
61939	61939	1
61939	62367	1
61939	63877	2
61939	66614	1
61939	68805	4
61939	68892	4
61939	69067	1
61939	69859	1
61944	26085	1
62003	1345	1
62003	6976	1
62003	15934	1
62003	35840	1
62003	62003	1
62003	68935	1
62003	69681	1
62130	50846	1
62154	50846	1
62172	62172	1
62190	69902	1
62367	5628	1
62367	13972	3
62367	62367	5
62384	297	1
62384	62384	1
62434	8628	1
62434	37238	1
62434	38805	1
62434	62434	7
62471	2290	1
62471	62471	2
62491	613	2
62491	2622	1
62491	13268	1
62513	69194	1
62560	62560	1
62562	39475	2
62629	1946	1
62629	11926	1
62629	13904	4
62629	22296	2
62629	23179	5
62629	38889	1
62629	49045	1
62629	53221	1
62629	62629	16
62629	69583	1
62639	1532	1
62639	23141	1
62656	34490	1
62656	51663	1
62656	62656	2
62656	66638	1
62675	69037	1
62709	36554	2
62709	62709	2
62798	14514	3
62826	61939	1
62826	62826	1
62826	68628	2
63877	63877	6
63926	12651	1
63936	44555	1
64248	64248	1
64308	64308	2
64387	2807	1
64387	25229	2
64387	64387	2
64433	7108	2
64449	1302	1
64449	8369	1
64449	38566	1
64449	39322	1
64449	46907	2
64449	49620	1
64449	51335	1
64449	64449	4
64449	68230	1
64449	69466	1
64663	46551	1
65878	12705	2
65878	65878	1
65915	613	1
65937	250	1
66044	56097	1
66084	39843	1
66132	4961	1
66167	4692	1
66243	27456	1
66275	4312	1
66323	4250	1
66323	66321	1
66332	69617	1
66365	40297	1
66365	66365	5
66375	11825	1
66528	66528	2
66614	66614	1
66638	454	1
66638	48839	1
66638	66638	2
66688	613	2
66688	4721	1
66688	10696	1
66688	11115	1
66688	13268	1
66688	13972	1
66688	14515	1
66688	14806	1
66688	17047	1
66688	25590	1
66688	26935	2
66688	30026	1
66688	41139	2
66688	41263	1
66688	66688	12
66700	53059	1
66889	66889	1
66898	6794	1
66946	66946	1
66952	66952	1
67007	67007	7
67031	24221	1
67031	26273	1
67031	27832	1
67031	36067	1
67031	67031	3
67034	11028	1
67034	47274	1
67034	67034	1
67042	14901	1
67107	67107	3
67140	50846	2
67140	67140	1
67150	18060	1
67150	67150	2
67151	67151	2
68283	68283	1
68305	3824	1
68305	4231	3
68305	8419	1
68305	9485	1
68305	14450	1
68305	24916	2
68305	25358	1
68305	34575	1
68305	36554	1
68305	37096	1
68305	50859	1
68305	56465	1
68305	56819	1
68305	63877	1
68305	68305	9
68305	68719	1
68305	68805	3
68305	68842	1
68305	68946	1
68305	68962	1
68305	69039	1
68305	69045	1
68305	69591	1
68305	69647	1
68327	38947	1
68370	66667	1
68468	23232	1
68468	68468	4
68473	14515	1
68473	17047	1
68519	4231	3
68519	22846	4
68554	12705	1
68559	68572	1
68579	23291	1
68583	613	1
68601	68601	5
68624	11100	1
68639	2201	1
68650	5656	1
68660	68660	1
68663	6094	2
68663	68663	2
68670	68670	2
68673	6779	1
68673	19475	1
68707	68707	1
68708	19838	1
68708	52863	1
68708	54780	1
68708	62195	1
68718	6494	1
68718	68718	1
68722	6316	1
68722	32389	1
68722	68722	2
68722	69757	1
68726	3041	1
68727	42047	4
68727	68727	1
68730	47345	1
68746	25505	1
68757	7709	1
68757	68757	1
68759	68759	1
68773	66678	1
68773	68773	2
68777	68779	1
68779	68777	1
68784	825	1
68787	68787	1
68790	34719	1
68790	40297	1
68799	33032	1
68805	7780	1
68805	68805	1
68822	42440	1
68827	5869	1
68835	4312	1
68835	12481	1
68842	68842	1
68845	1898	1
68845	57022	1
68847	17509	1
68848	68848	1
68857	828	1
68858	1047	1
68859	437	1
68861	22388	1
68866	250	1
68866	6348	1
68866	21574	1
68866	38966	2
68892	68892	5
68895	10898	1
68899	1056	1
68903	38532	1
68907	40549	1
68920	4832	1
68920	68920	4
68926	68926	2
68927	68927	4
68929	68929	1
68933	1847	1
68933	7402	3
68933	11142	2
68933	68933	5
68935	32332	1
68935	43108	2
68935	68935	4
68936	10696	3
68937	3560	1
68938	17047	1
68953	57088	1
68953	68953	1
68958	6085	3
68958	10708	3
68958	34050	1
68958	35734	3
68958	38966	1
68958	51323	1
68962	68962	1
68968	68968	1
68974	39419	1
68981	2530	1
68981	69216	1
68986	68986	6
68987	25485	1
69014	38851	1
69016	31469	1
69037	69037	2
69041	69041	1
69045	68305	1
69047	69047	1
69051	5015	1
69051	6518	1
69051	18060	3
69051	69051	1
69052	60665	1
69063	69063	1
69067	43108	1
69068	13625	1
69076	13265	1
69077	69077	1
69091	41075	1
69095	18756	1
69103	4248	1
69107	42278	1
69110	4312	1
69110	69110	2
69112	11142	2
69112	69112	2
69116	11115	1
69118	69118	3
69123	8588	2
69133	11445	1
69139	69139	2
69140	69140	1
69144	61531	1
69151	26935	2
69155	17773	1
69169	11142	1
69182	2841	1
69184	2926	1
69184	69184	8
69194	22773	3
69194	29781	1
69194	62513	1
69194	66166	1
69194	69048	1
69194	69194	4
69194	69533	1
69205	1946	2
69207	69207	1
69214	391	1
69214	69214	1
69218	69218	1
69232	8133	4
69236	17968	3
69244	69067	1
69245	6094	1
69272	38624	1
69272	69272	1
69292	2233	2
69292	25485	1
69292	69292	1
69295	9652	2
69318	1149	1
69318	5301	3
69318	6043	2
69320	2480	1
69320	11100	1
69320	46793	1
69320	69320	3
69323	4832	1
69323	69323	2
69325	69325	1
69341	11054	3
69341	69341	2
69343	69343	1
69368	5094	1
69371	1173	1
69380	44362	2
69386	48866	1
69387	31310	1
69391	69391	2
69392	69392	1
69405	19593	1
69405	69405	1
69411	52954	1
69419	40932	1
69419	69419	1
69429	532	1
69443	69443	1
69443	69463	1
69444	11504	1
69444	69444	1
69452	45188	1
69456	69456	1
69461	8784	1
69461	69461	1
69463	69443	1
69463	69463	2
69466	4832	1
69466	38566	1
69466	69466	1
69466	69642	1
69470	69371	1
69474	26935	1
69474	69474	2
69477	69477	3
69482	69482	2
69486	10482	1
69488	1946	2
69488	69488	1
69491	69491	1
69495	8799	1
69507	6094	3
69525	69525	6
69533	25510	1
69533	69194	1
69534	47855	1
69534	69534	1
69546	59011	1
69547	60810	1
69547	69547	1
69551	69551	1
69573	48839	2
69573	69573	3
69583	62629	5
69584	40368	1
69584	69584	1
69586	69586	1
69591	75	3
69591	68305	1
69591	69591	2
69617	69617	1
69621	69621	1
69628	6316	1
69630	58604	1
69630	69630	1
69640	4333	1
69642	69466	1
69644	2926	1
69644	69644	1
69653	43318	2
69665	19431	1
69665	45212	1
69678	1234	1
69681	69681	2
69691	69691	2
69703	2841	1
69709	6094	2
69709	11100	1
69709	18376	1
69709	57291	1
69709	69335	2
69709	69709	1
69718	69718	4
69724	69724	1
69733	5018	1
69737	23610	1
69747	69747	2
69760	1450	1
69760	69760	1
69762	69762	1
69763	69763	1
69764	17581	1
69764	69764	1
69766	7460	2
69766	69766	1
69773	10696	1
69773	11142	1
69773	69773	3
69775	8628	1
69801	297	1
69801	69801	1
69842	1946	1
69843	4600	2
69845	4600	1
69852	69852	1
69858	69858	2
69859	11682	1
69862	5627	1
69868	27058	1
69871	51339	1
69876	69876	1
69898	69898	1
69902	62190	1
69907	8628	1
69909	31751	1
69929	5712	1
69937	69937	1
69938	20302	3
69940	6094	1
69949	69887	1
